"Query","Match","HMDB","PubChem","KEGG","Comment"
"1,2-dilinoleoyl-GPC (18:2/18:2)","NA","NA","NA","NA","0"
"1,2-dioleoyl-GPC (18:1/18:1)*","NA","NA","NA","NA","0"
"1,2-dioleoyl-GPE (18:1/18:1)","NA","NA","NA","NA","0"
"1,2-dipalmitoyl-GPC (16:0/16:0)","NA","NA","NA","NA","0"
"1,2-distearoyl-GPC (18:0/18:0)","NA","NA","NA","NA","0"
"1,5-anhydroglucitol (1,5-AG)","NA","NA","NA","NA","0"
"1-(1-enyl-oleoyl)-GPE (P-18:1)*","NA","NA","NA","NA","0"
"1-(1-enyl-palmitoyl)-2-arachidonoyl-GPC (P-16:0/20:4)*","NA","NA","NA","NA","0"
"1-(1-enyl-palmitoyl)-2-arachidonoyl-GPE (P-16:0/20:4)*","NA","NA","NA","NA","0"
"1-(1-enyl-palmitoyl)-2-linoleoyl-GPC (P-16:0/18:2)*","NA","NA","NA","NA","0"
"1-(1-enyl-palmitoyl)-2-linoleoyl-GPE (P-16:0/18:2)*","NA","NA","NA","NA","0"
"1-(1-enyl-palmitoyl)-2-oleoyl-GPC (P-16:0/18:1)*","NA","NA","NA","NA","0"
"1-(1-enyl-palmitoyl)-2-oleoyl-GPE (P-16:0/18:1)*","NA","NA","NA","NA","0"
"1-(1-enyl-palmitoyl)-2-palmitoleoyl-GPC (P-16:0/16:1)*","NA","NA","NA","NA","0"
"1-(1-enyl-palmitoyl)-2-palmitoyl-GPC (P-16:0/16:0)*","NA","NA","NA","NA","0"
"1-(1-enyl-palmitoyl)-GPC (P-16:0)*","NA","NA","NA","NA","0"
"1-(1-enyl-palmitoyl)-GPE (P-16:0)*","NA","NA","NA","NA","0"
"1-(1-enyl-stearoyl)-2-arachidonoyl-GPE (P-18:0/20:4)*","NA","NA","NA","NA","0"
"1-(1-enyl-stearoyl)-2-linoleoyl-GPE (P-18:0/18:2)*","NA","NA","NA","NA","0"
"1-(1-enyl-stearoyl)-2-oleoyl-GPE (P-18:0/18:1)","NA","NA","NA","NA","0"
"1-(1-enyl-stearoyl)-GPE (P-18:0)*","NA","NA","NA","NA","0"
"1-(3-aminopropyl)-2-pyrrolidone","NA","NA","NA","NA","0"
"1-arachidonoyl-GPC (20:4)*","NA","NA","NA","NA","0"
"1-arachidonoyl-GPE (20:4)*","NA","NA","NA","NA","0"
"1-arachidonoyl-GPI (20:4)*","NA","NA","NA","NA","0"
"1-lignoceroyl-GPC (24:0)","NA","NA","NA","NA","0"
"1-linolenoyl-GPC (18:3)*","NA","NA","NA","NA","0"
"1-linoleoyl-2-arachidonoyl-GPC (18:2/20:4)*","NA","NA","NA","NA","0"
"1-linoleoyl-GPC (18:2)","NA","NA","NA","NA","0"
"1-linoleoyl-GPE (18:2)*","NA","NA","NA","NA","0"
"1-linoleoyl-GPI (18:2)*","NA","NA","NA","NA","0"
"1-linoleoylglycerol (18:2)","NA","NA","NA","NA","0"
"1-methylguanidine","Methylguanidine","HMDB01522","10111","C02294","1"
"1-methylhistidine","1-Methylhistidine","HMDB00001","92105","C01152","1"
"1-methylimidazoleacetate","NA","NA","NA","NA","0"
"1-methylnicotinamide","1-Methylnicotinamide","HMDB00699","457","C02918","1"
"1-oleoyl-2-linoleoyl-glycerol (18:1/18:2)","NA","NA","NA","NA","0"
"1-oleoyl-2-linoleoyl-GPC (18:1/18:2)*","NA","NA","NA","NA","0"
"1-oleoyl-2-linoleoyl-GPE (18:1/18:2)*","NA","NA","NA","NA","0"
"1-oleoyl-3-linoleoyl-glycerol (18:1/18:2)","NA","NA","NA","NA","0"
"1-oleoyl-GPC (18:1)","NA","NA","NA","NA","0"
"1-oleoyl-GPE (18:1)","NA","NA","NA","NA","0"
"1-oleoyl-GPI (18:1)*","NA","NA","NA","NA","0"
"1-oleoyl-GPS (18:1)","NA","NA","NA","NA","0"
"1-oleoylglycerol (18:1)","NA","NA","NA","NA","0"
"1-palmitoleoyl-2-linoleoyl-GPC (16:1/18:2)*","NA","NA","NA","NA","0"
"1-palmitoleoyl-2-oleoyl-glycerol (16:1/18:1)*","NA","NA","NA","NA","0"
"1-palmitoleoyl-3-oleoyl-glycerol (16:1/18:1)*","NA","NA","NA","NA","0"
"1-palmitoleoyl-GPC (16:1)*","NA","NA","NA","NA","0"
"1-palmitoleoylglycerol (16:1)*","NA","NA","NA","NA","0"
"1-palmitoyl-2-arachidonoyl-GPC (16:0/20:4)","NA","NA","NA","NA","0"
"1-palmitoyl-2-arachidonoyl-GPE (16:0/20:4)*","NA","NA","NA","NA","0"
"1-palmitoyl-2-linoleoyl-glycerol (16:0/18:2)*","NA","NA","NA","NA","0"
"1-palmitoyl-2-linoleoyl-GPC (16:0/18:2)","NA","NA","NA","NA","0"
"1-palmitoyl-2-linoleoyl-GPE (16:0/18:2)","NA","NA","NA","NA","0"
"1-palmitoyl-2-oleoyl-GPC (16:0/18:1)","NA","NA","NA","NA","0"
"1-palmitoyl-2-oleoyl-GPE (16:0/18:1)","NA","NA","NA","NA","0"
"1-palmitoyl-2-oleoyl-GPG (16:0/18:1)","NA","NA","NA","NA","0"
"1-palmitoyl-2-palmitoleoyl-GPC (16:0/16:1)*","NA","NA","NA","NA","0"
"1-palmitoyl-2-stearoyl-GPC (16:0/18:0)","NA","NA","NA","NA","0"
"1-palmitoyl-3-linoleoyl-glycerol (16:0/18:2)*","NA","NA","NA","NA","0"
"1-palmitoyl-GPC (16:0)","NA","NA","NA","NA","0"
"1-palmitoyl-GPE (16:0)","NA","NA","NA","NA","0"
"1-palmitoyl-GPG (16:0)*","NA","NA","NA","NA","0"
"1-palmitoyl-GPI (16:0)*","NA","NA","NA","NA","0"
"1-stearoyl-2-arachidonoyl-GPC (18:0/20:4)","NA","NA","NA","NA","0"
"1-stearoyl-2-arachidonoyl-GPE (18:0/20:4)","NA","NA","NA","NA","0"
"1-stearoyl-2-arachidonoyl-GPI (18:0/20:4)","NA","NA","NA","NA","0"
"1-stearoyl-2-arachidonoyl-GPS (18:0/20:4)","NA","NA","NA","NA","0"
"1-stearoyl-2-linoleoyl-GPC (18:0/18:2)*","NA","NA","NA","NA","0"
"1-stearoyl-2-linoleoyl-GPE (18:0/18:2)*","NA","NA","NA","NA","0"
"1-stearoyl-2-oleoyl-GPC (18:0/18:1)","NA","NA","NA","NA","0"
"1-stearoyl-2-oleoyl-GPE (18:0/18:1)","NA","NA","NA","NA","0"
"1-stearoyl-2-oleoyl-GPS (18:0/18:1)","NA","NA","NA","NA","0"
"1-stearoyl-GPC (18:0)","NA","NA","NA","NA","0"
"1-stearoyl-GPE (18:0)","NA","NA","NA","NA","0"
"1-stearoyl-GPI (18:0)","NA","NA","NA","NA","0"
"1-stearoyl-GPS (18:0)*","NA","NA","NA","NA","0"
"10-heptadecenoate (17:1n7)","NA","NA","NA","NA","0"
"10-nonadecenoate (19:1n9)","NA","NA","NA","NA","0"
"12,13-DiHOME","12,13-DHOME","HMDB04705","10236635","C14829","1"
"12-HETE","12-HETE","HMDB06111","5312983","","1"
"15-HETE","15(S)-HETE","HMDB03876","5280724","C04742","1"
"15-methylpalmitate","NA","NA","NA","NA","0"
"16-hydroxypalmitate","NA","NA","NA","NA","0"
"17-methylstearate","NA","NA","NA","NA","0"
"2'-deoxycytidine","Deoxycytidine","HMDB00014","13711","C00881","1"
"2'-deoxyguanosine","Deoxyguanosine","HMDB00085","187790","C00330","1"
"2'-deoxyinosine","Deoxyinosine","HMDB00071","65058","C05512","1"
"2'-deoxyuridine","Deoxyuridine","HMDB00012","13712","C00526","1"
"2-aminoadipate","Aminoadipic acid","HMDB00510","469","C00956","1"
"2-aminoheptanoate","NA","NA","NA","NA","0"
"2-aminooctanoate","DL-2-Aminooctanoic acid","HMDB00991","69522","","1"
"2-hydroxy-3-methylvalerate","2-Hydroxy-3-methylpentanoic acid","HMDB00317","10796774","","1"
"2-hydroxyadipate","2-Hydroxyadipic acid","HMDB00321","193530","C02360","1"
"2-hydroxybutyrate/2-hydroxyisobutyrate","NA","NA","NA","NA","0"
"2-hydroxyglutarate","2-Hydroxyglutarate","HMDB59655","43","C02630","1"
"2-hydroxystearate","NA","NA","NA","NA","0"
"2-linoleoylglycerol (18:2)","NA","NA","NA","NA","0"
"2-methylbutyrylcarnitine (C5)","NA","NA","NA","NA","0"
"2-methylbutyrylglycine","2-Methylbutyrylglycine","HMDB00339","193872","","1"
"2-methylcitrate/homocitrate","NA","NA","NA","NA","0"
"2-methylmalonyl carnitine","NA","NA","NA","NA","0"
"2-oleoylglycerol (18:1)","NA","NA","NA","NA","0"
"2-palmitoleoyl-GPC (16:1)*","NA","NA","NA","NA","0"
"2-palmitoyl-GPC (16:0)*","NA","NA","NA","NA","0"
"2-stearoyl-GPE (18:0)*","NA","NA","NA","NA","0"
"3-(4-hydroxyphenyl)lactate","3-(4-Hydroxyphenyl)lactate","METPA0425",NA,"C03672","1"
"3-aminoisobutyrate","3-Aminoisobutanoic acid","HMDB03911","64956","C05145","1"
"3-hydroxy-3-methylglutarate","3-Hydroxymethylglutaric acid","HMDB00355","1662","C03761","1"
"3-hydroxybutyrate (BHBA)","NA","NA","NA","NA","0"
"3-hydroxybutyrylcarnitine (1)","NA","NA","NA","NA","0"
"3-hydroxybutyrylcarnitine (2)","NA","NA","NA","NA","0"
"3-hydroxyisobutyrate","(S)-3-Hydroxyisobutyric acid","HMDB00023","440873","C06001","1"
"3-indoxyl sulfate","Indoxyl sulfate","HMDB00682","10258","","1"
"3-methylcytidine","NA","NA","NA","NA","0"
"3-methylhistidine","3-Methylhistidine","HMDB00479","64969","C01152","1"
"3-phosphoglycerate","3-Phosphoglyceric acid","HMDB00807","724","C00597","1"
"3-ureidopropionate","Ureidopropionic acid","HMDB00026","111","C02642","1"
"4-cholesten-3-one","Cholestenone","HMDB00921","91477","C00599","1"
"4-ethylphenylsulfate","NA","NA","NA","NA","0"
"4-guanidinobutanoate","4-Guanidinobutanoic acid","HMDB03464","500","C01035","1"
"4-hydroxy-nonenal-glutathione","NA","NA","NA","NA","0"
"4-hydroxybutyrate (GHB)","NA","NA","NA","NA","0"
"4-imidazoleacetate","Imidazoleacetic acid","HMDB02024","96215","C02835","1"
"4-vinylphenol sulfate","NA","NA","NA","NA","0"
"5-aminovalerate","5-Aminopentanoic acid","HMDB03355","138","C00431","1"
"5-dodecenoate (12:1n7)","NA","NA","NA","NA","0"
"5-hydroxylysine","5-Hydroxylysine","HMDB00450","3032849","C16741","1"
"5-methylthioadenosine (MTA)","NA","NA","NA","NA","0"
"5-oxoproline","Pyroglutamic acid","HMDB00267","7405","C01879","1"
"6-oxopiperidine-2-carboxylic acid","NA","NA","NA","NA","0"
"6-phosphogluconate","6-Phosphogluconic acid","HMDB01316","91493","C00345","1"
"7-hydroxycholesterol (alpha or beta)","NA","NA","NA","NA","0"
"7-methylguanine","7-Methylguanine","HMDB00897","11361","C02242","1"
"9,10-DiHOME","9,10-DHOME","HMDB04704","9966640","C14828","1"
"acetylcarnitine","L-Acetylcarnitine","HMDB00201","1","C02571","1"
"acetylphosphate","Acetylphosphate","HMDB01494","186","C00227","1"
"aconitate [cis or trans]","NA","NA","NA","NA","0"
"adenine","Adenine","HMDB00034","190","C00147","1"
"adenosine","Adenosine","HMDB00050","60961","C00212","1"
"adenosine 2'-monophosphate (2'-AMP)","NA","NA","NA","NA","0"
"adenosine 3',5'-diphosphate","Adenosine 3',5'-diphosphate","HMDB00061","159296","C00054","1"
"adenosine 3'-monophosphate (3'-AMP)","NA","NA","NA","NA","0"
"adenosine 5'-diphosphoribose (ADP-ribose)","NA","NA","NA","NA","0"
"adenosine 5'-monophosphate (AMP)","NA","NA","NA","NA","0"
"adrenate (22:4n6)","NA","NA","NA","NA","0"
"alanine","Alanine","METPA0179",NA,"C01401","1"
"allantoin","Allantoin","HMDB00462","204","C01551","1"
"alpha-hydroxyisocaproate","Leucinic acid","HMDB00665","92779","","1"
"alpha-hydroxyisovalerate","2-Hydroxy-3-methylbutyric acid","HMDB00407","99823","","1"
"alpha-ketoglutarate","NA","NA","NA","NA","0"
"alpha-tocopherol","Alpha-Tocopherol","HMDB01893","14985","C02477","1"
"anserine","Anserine","HMDB00194","112072","C01262","1"
"arabitol/xylitol","NA","NA","NA","NA","0"
"arabonate/xylonate","NA","NA","NA","NA","0"
"arachidate (20:0)","NA","NA","NA","NA","0"
"arachidonate (20:4n6)","NA","NA","NA","NA","0"
"arachidonoyl ethanolamide","NA","NA","NA","NA","0"
"arginine","L-Arginine","HMDB00517","6322","C00062","1"
"argininosuccinate","Argininosuccinic acid","HMDB00052","16950","C03406","1"
"ascorbate (Vitamin C)","NA","NA","NA","NA","0"
"asparagine","L-Asparagine","HMDB00168","6267","C00152","1"
"aspartate","L-Aspartic acid","HMDB00191","5960","C00049","1"
"azelate (nonanedioate)","NA","NA","NA","NA","0"
"behenoyl sphingomyelin (d18:1/22:0)*","NA","NA","NA","NA","0"
"beta-alanine","Beta-Alanine","HMDB00056","239","C00099","1"
"beta-guanidinopropanoate","NA","NA","NA","NA","0"
"beta-hydroxyisovaleroylcarnitine","NA","NA","NA","NA","0"
"beta-muricholate","NA","NA","NA","NA","0"
"betaine","Betaine","HMDB00043","247","C00719","1"
"betaine aldehyde","Betaine aldehyde","HMDB01252","249","C00576","1"
"butyrylcarnitine","Butyrylcarnitine","HMDB02013","439829","C02862","1"
"C-glycosyltryptophan","NA","NA","NA","NA","0"
"campesterol","Campesterol","HMDB02869","5283637","C01789","1"
"carboxyethyl-GABA","N-Carboxyethyl-g-aminobutyric acid","HMDB02201","2572","","1"
"carnitine","Carnitine","METPA0048",NA,"C00487","1"
"carnosine","Carnosine","HMDB00033","439224","C00386","1"
"catechol sulfate","NA","NA","NA","NA","0"
"cholesterol","Cholesterol","HMDB00067","11025495","C00187","1"
"choline","Choline","HMDB00097","305","C00114","1"
"choline phosphate","Phosphorylcholine","HMDB01565","1014","C00588","1"
"citrate","Citric acid","HMDB00094","311","C00158","1"
"citrulline","Citrulline","HMDB00904","9750","C00327","1"
"corticosterone","Corticosterone","HMDB01547","5753","C02140","1"
"creatine","Creatine","HMDB00064","586","C00300","1"
"creatine phosphate","Phosphocreatine","HMDB01511","587","C02305","1"
"creatinine","Creatinine","HMDB00562","588","C00791","1"
"cystathionine","L-Cystathionine","HMDB00099","439258","C02291","1"
"cysteine","Cysteine","METPA0075",NA,"C00736","1"
"cysteine s-sulfate","NA","NA","NA","NA","0"
"cysteine sulfinic acid","3-Sulfinoalanine","HMDB00996","439270","C00606","1"
"cystine","L-Cystine","HMDB00192","67678","C00491","1"
"cytidine","Cytidine","HMDB00089","6175","C00475","1"
"cytidine 3'-monophosphate (3'-CMP)","NA","NA","NA","NA","0"
"cytidine 5'-diphosphocholine","Citicoline","HMDB01413","13804","C00307","1"
"cytidine 5'-monophosphate (5'-CMP)","NA","NA","NA","NA","0"
"cytidine 5'-monophospho-N-acetylneuraminic acid","NA","NA","NA","NA","0"
"cytidine-5'-diphosphoethanolamine","NA","NA","NA","NA","0"
"cytosine","Cytosine","HMDB00630","597","C00380","1"
"decanoylcarnitine","Decanoylcarnitine","HMDB00651","10245190","","1"
"dehydroascorbate","Dehydroascorbate","METPA0591",NA,"C05422","1"
"deoxycarnitine","4-Trimethylammoniobutanoic acid","HMDB01161","134","C01181","1"
"dihomo-linoleate (20:2n6)","NA","NA","NA","NA","0"
"dihomo-linolenate (20:3n3 or n6)","NA","NA","NA","NA","0"
"dihydoxyphenylalanine (L-DOPA)","NA","NA","NA","NA","0"
"dihydroxyacetone phosphate (DHAP)","NA","NA","NA","NA","0"
"dimethyl sulfone","Dimethyl sulfone","HMDB04983","6213","C11142","1"
"dimethylarginine (SDMA + ADMA)","NA","NA","NA","NA","0"
"dimethylglycine","Dimethylglycine","HMDB00092","673","C01026","1"
"docosadienoate (22:2n6)","NA","NA","NA","NA","0"
"docosahexaenoate (DHA; 22:6n3)","NA","NA","NA","NA","0"
"docosapentaenoate (n3 DPA; 22:5n3)","NA","NA","NA","NA","0"
"docosapentaenoate (n6 DPA; 22:5n6)","NA","NA","NA","NA","0"
"dopamine sulfate (2)","NA","NA","NA","NA","0"
"eicosapentaenoate (EPA; 20:5n3)","NA","NA","NA","NA","0"
"eicosenoate (20:1)","NA","NA","NA","NA","0"
"equol sulfate","NA","NA","NA","NA","0"
"ergothioneine","Ergothioneine","HMDB03045","5351619","C05570","1"
"erucate (22:1n9)","NA","NA","NA","NA","0"
"erythronate*","NA","NA","NA","NA","0"
"ethylmalonate","Ethylmalonic acid","HMDB00622","11756","","1"
"flavin adenine dinucleotide (FAD)","NA","NA","NA","NA","0"
"fructose","D-Fructose","HMDB00660","439709","C02336","1"
"fumarate","Fumaric acid","HMDB00134","444972","C00122","1"
"galactitol (dulcitol)","NA","NA","NA","NA","0"
"galactonate","Galactonic acid","HMDB00565","128869","C00880","1"
"gamma-aminobutyrate (GABA)","NA","NA","NA","NA","0"
"gamma-carboxyglutamate","NA","NA","NA","NA","0"
"gamma-glutamyl-epsilon-lysine","NA","NA","NA","NA","0"
"gamma-glutamylalanine","5-L-Glutamyl-L-alanine","HMDB06248","440103","C03740","1"
"gamma-glutamylglutamate","Gamma Glutamylglutamic acid","HMDB11737","92865","C05282","1"
"gamma-glutamylglutamine","Gamma-Glutamyl Glutamine","HMDB11738","150914","C05283","1"
"gamma-glutamylglycine","NA","NA","NA","NA","0"
"gamma-glutamylhistidine","NA","NA","NA","NA","0"
"gamma-glutamylisoleucine*","NA","NA","NA","NA","0"
"gamma-glutamylleucine","L-gamma-glutamyl-L-leucine ","HMDB11171","4524287","","1"
"gamma-glutamylphenylalanine","Glutamylphenylalanine","HMDB00594","111299","","1"
"gamma-glutamylvaline","L-gamma-glutamyl-L-valine ","HMDB11172","5317736","","1"
"gamma-tocopherol/beta-tocopherol","NA","NA","NA","NA","0"
"gluconate","Gluconic acid","HMDB00625","10690","C00257","1"
"glucose","D-Glucose","HMDB00122","5793","C00031","1"
"glucuronate","D-Glucuronic acid","HMDB00127","444791","C00191","1"
"glutamate","D-Glutamic acid","HMDB03339","23327","C00217","1"
"glutamate, gamma-methyl ester","NA","NA","NA","NA","0"
"glutamine","L-Glutamine","HMDB00641","5961","C00064","1"
"glutarate (pentanedioate)","NA","NA","NA","NA","0"
"glutarylcarnitine (C5)","NA","NA","NA","NA","0"
"glutathione, oxidized (GSSG)","NA","NA","NA","NA","0"
"glutathione, reduced (GSH)","NA","NA","NA","NA","0"
"glycerate","Glyceric acid","HMDB00139","439194","C00258","1"
"glycerol","Glycerol","HMDB00131","753","C00116","1"
"glycerol 3-phosphate","Glycerol 3-phosphate","HMDB00126","439162","C00093","1"
"glycerophosphoethanolamine","Glycerylphosphorylethanolamine","HMDB00114","22833510","C01233","1"
"glycerophosphoglycerol","NA","NA","NA","NA","0"
"glycerophosphoinositol*","NA","NA","NA","NA","0"
"glycerophosphorylcholine (GPC)","NA","NA","NA","NA","0"
"glycine","Glycine","HMDB00123","750","C00037","1"
"glycosyl-N-palmitoyl-sphingosine","NA","NA","NA","NA","0"
"glycosyl-N-stearoyl-sphingosine","NA","NA","NA","NA","0"
"glycylleucine","Glycyl-L-leucine","HMDB00759","92843","C02155","1"
"glycylvaline","NA","NA","NA","NA","0"
"guanidinoacetate","Guanidoacetic acid","HMDB00128","763","C00581","1"
"guanidinosuccinate","Guanidinosuccinic acid","HMDB03157","439918","C03139","1"
"guanine","Guanine","HMDB00132","764","C00242","1"
"guanosine","Guanosine","HMDB00133","6802","C00387","1"
"guanosine 5'- monophosphate (5'-GMP)","NA","NA","NA","NA","0"
"gulonic acid*","NA","NA","NA","NA","0"
"heme","Heme","HMDB03178",NA,"C00032","1"
"hexadecanedioate","Hexadecanedioic acid","HMDB00672","10459","C19615","1"
"hexanoylcarnitine","Hexanoylcarnitine","HMDB00705","6426853","","1"
"hexanoylglycine","Hexanoylglycine","HMDB00701","99463","","1"
"hippurate","Hippuric acid","HMDB00714","464","C01586","1"
"histamine","Histamine","HMDB00870","774","C00388","1"
"histidine","L-Histidine","HMDB00177","6274","C00135","1"
"homoarginine","Homo-L-arginine","HMDB00670","9085","C01924","1"
"homocitrulline","Homocitrulline","HMDB00679","65072","C02427","1"
"homostachydrine*","NA","NA","NA","NA","0"
"hypotaurine","Hypotaurine","HMDB00965","107812","C00519","1"
"hypoxanthine","Hypoxanthine","HMDB00157","790","C00262","1"
"imidazole lactate","Imidazole lactate","METPA0616",NA,"C05568","1"
"imidazole propionate","NA","NA","NA","NA","0"
"indolelactate","Indolelactic acid","HMDB00671","92904","C02043","1"
"inosine","Inosine","HMDB00195","6021","C00294","1"
"inosine 5'-monophosphate (IMP)","NA","NA","NA","NA","0"
"Isobar: fructose 1,6-diphosphate, glucose 1,6-diphosphate, myo-inositol 1,4 or 1,3-diphosphate","NA","NA","NA","NA","0"
"isobutyrylcarnitine","NA","NA","NA","NA","0"
"isocitrate","Isocitric acid","HMDB00193","1198","C00311","1"
"isoleucine","(+/-)-erythro-Isoleucine","HMDB33923","791","C16434","1"
"isoleucylglycine","NA","NA","NA","NA","0"
"isovalerylcarnitine","Isovalerylcarnitine","HMDB00688","6426851","","1"
"isovalerylglycine","Isovalerylglycine","HMDB00678","546304","","1"
"kynurenate","Kynurenic acid","HMDB00715","3845","C01717","1"
"kynurenine","L-Kynurenine","HMDB00684","161166","C00328","1"
"lactate","L-Lactic acid","HMDB00190","107689","C00186","1"
"laurylcarnitine","NA","NA","NA","NA","0"
"leucine","L-Leucine","HMDB00687","6106","C00123","1"
"leucylglycine","NA","NA","NA","NA","0"
"linoleate (18:2n6)","NA","NA","NA","NA","0"
"linolenate [alpha or gamma; (18:3n3 or 6)]","NA","NA","NA","NA","0"
"linoleoylcarnitine*","NA","NA","NA","NA","0"
"lysine","L-Lysine","HMDB00182","5962","C00047","1"
"malate","NA","NA","NA","NA","0"
"malonylcarnitine","Malonylcarnitine","HMDB02095","22833583","","1"
"maltose","D-Maltose","HMDB00163","10991489","C00208","1"
"maltotriose","Maltotriose","HMDB01262","439586","C01835","1"
"mannitol/sorbitol","NA","NA","NA","NA","0"
"mannose","D-Mannose","HMDB00169","18950","C00159","1"
"margarate (17:0)","NA","NA","NA","NA","0"
"mead acid (20:3n9)","NA","NA","NA","NA","0"
"methionine","NA","NA","NA","NA","0"
"methionine sulfoxide","Methionine sulfoxide","HMDB02005","847","","1"
"methyl glucopyranoside (alpha + beta)","NA","NA","NA","NA","0"
"methylmalonate (MMA)","NA","NA","NA","NA","0"
"methylphosphate","NA","NA","NA","NA","0"
"methylsuccinate","Methylsuccinic acid","HMDB01844","10349","C08645","1"
"myo-inositol","Myoinositol","HMDB00211",NA,"C00137","1"
"myristate (14:0)","NA","NA","NA","NA","0"
"myristoleate (14:1n5)","NA","NA","NA","NA","0"
"myristoylcarnitine","Tetradecanoylcarnitine","HMDB05066","53477791","","1"
"N-acetyl-aspartyl-glutamate (NAAG)","NA","NA","NA","NA","0"
"N-acetyl-beta-alanine","N-Acetyl-beta-alanine","METPA0122",NA,"C01073","1"
"N-acetyl-glucosamine 1-phosphate","N-Acetyl-glucosamine 1-phosphate","HMDB01367","440272","C04256","1"
"N-acetylalanine","N-Acetyl-L-alanine","HMDB00766","88064","C00624","1"
"N-acetylarginine","NA","NA","NA","NA","0"
"N-acetylasparagine","N-Acetylasparagine","HMDB06028","99715","","1"
"N-acetylaspartate (NAA)","NA","NA","NA","NA","0"
"N-acetylglucosamine 6-phosphate","N-Acetylglucosamine 6-phosphate","HMDB02817","439219","","1"
"N-acetylglutamate","N-Acetylglutamic acid","HMDB01138","185","C00624","1"
"N-acetylglutamine","N-Acetylglutamine","HMDB06029","25561","","1"
"N-acetylglycine","Acetylglycine","HMDB00532","10972","","1"
"N-acetylhistidine","N-Acetylhistidine","HMDB32055","273260","C02997","1"
"N-acetylleucine","N-Acetylleucine","HMDB11756","70912","C02710","1"
"N-acetylmethionine","N-Acetyl-L-methionine","HMDB11745","6180","C02712","1"
"N-acetylneuraminate","NA","NA","NA","NA","0"
"N-acetylphenylalanine","N-Acetyl-L-phenylalanine","HMDB00512","74839","C03519","1"
"N-acetylputrescine","N-Acetylputrescine","HMDB02064","122356","C02714","1"
"N-acetylserine","N-Acetylserine","HMDB02931","65249","","1"
"N-acetyltaurine","NA","NA","NA","NA","0"
"N-acetylthreonine","NA","NA","NA","NA","0"
"N-alpha-acetylornithine","NA","NA","NA","NA","0"
"N-carbamoylaspartate","Ureidosuccinic acid","HMDB00828","93072","C00438","1"
"N-delta-acetylornithine","NA","NA","NA","NA","0"
"N-formylmethionine","NA","NA","NA","NA","0"
"N-formylphenylalanine","NA","NA","NA","NA","0"
"N-glycolylneuraminate","N-Glycolylneuraminic acid","HMDB00833","123802","C03410","1"
"N-methyl-4-aminobutyric acid","NA","NA","NA","NA","0"
"N-monomethylarginine","NA","NA","NA","NA","0"
"N-palmitoyl-sphinganine (d18:0/16:0)","NA","NA","NA","NA","0"
"N-palmitoyl-sphingosine (d18:1/16:0)","NA","NA","NA","NA","0"
"N-palmitoyltaurine","NA","NA","NA","NA","0"
"N-stearoyltaurine","NA","NA","NA","NA","0"
"N1-Methyl-2-pyridone-5-carboxamide","N1-Methyl-2-pyridone-5-carboxamide","HMDB04193","69698","C05842","1"
"N1-methyladenosine","1-Methyladenosine","HMDB03331","27476","C02494","1"
"N2-acetyllysine/N6-acetyllysine","NA","NA","NA","NA","0"
"N6,N6,N6-trimethyllysine","NA","NA","NA","NA","0"
"N6-carboxymethyllysine","NA","NA","NA","NA","0"
"N6-succinyladenosine","NA","NA","NA","NA","0"
"nicotinamide","Niacinamide","HMDB01406","936","C00153","1"
"nicotinamide adenine dinucleotide (NAD+)","NA","NA","NA","NA","0"
"nicotinamide riboside","Nicotinamide riboside","HMDB00855","439924","C03150","1"
"nonadecanoate (19:0)","NA","NA","NA","NA","0"
"O-sulfo-L-tyrosine","NA","NA","NA","NA","0"
"octanoylcarnitine","L-Octanoylcarnitine","HMDB00791","11953814","C02838","1"
"oleamide","Oleamide","HMDB02117","5283387","C19670","1"
"oleate/vaccenate (18:1)","NA","NA","NA","NA","0"
"oleoyl ethanolamide","NA","NA","NA","NA","0"
"oleoylcarnitine","Oleoylcarnitine","HMDB05065","53477789","","1"
"ornithine","Ornithine","HMDB00214","6262","C00077","1"
"orotate","Orotic acid","HMDB00226","967","C00295","1"
"orotidine","Orotidine","HMDB00788","92751","C01103","1"
"oxalate (ethanedioate)","NA","NA","NA","NA","0"
"p-cresol sulfate","p-Cresol sulfate","HMDB11635","4615423","","1"
"p-cresol-glucuronide*","NA","NA","NA","NA","0"
"palmitate (16:0)","NA","NA","NA","NA","0"
"palmitoleate (16:1n7)","NA","NA","NA","NA","0"
"palmitoyl dihydrosphingomyelin (d18:0/16:0)*","NA","NA","NA","NA","0"
"palmitoyl ethanolamide","Palmitoylethanolamide","HMDB02100","4671","C16512","1"
"palmitoyl sphingomyelin (d18:1/16:0)","NA","NA","NA","NA","0"
"palmitoylcarnitine","NA","NA","NA","NA","0"
"pantothenate","Pantothenic acid","HMDB00210","988","C00864","1"
"phenol sulfate","NA","NA","NA","NA","0"
"phenylacetylglycine","Phenylacetylglycine","HMDB00821","68144","C05598","1"
"phenylalanine","L-Phenylalanine","HMDB00159","6140","C00079","1"
"phenylalanylglycine","NA","NA","NA","NA","0"
"phenyllactate (PLA)","NA","NA","NA","NA","0"
"phosphate","Phosphate","HMDB01429","1061","C00009","1"
"phosphoenolpyruvate (PEP)","NA","NA","NA","NA","0"
"phosphoethanolamine","O-Phosphoethanolamine","HMDB00224","1015","C00346","1"
"phosphopantetheine","Pantetheine 4'-phosphate","HMDB01416","987","C01134","1"
"pipecolate","Pipecolic acid","HMDB00070","849","C00408","1"
"pro-hydroxy-pro","NA","NA","NA","NA","0"
"proline","L-Proline","HMDB00162","145742","C00148","1"
"prolylglycine","L-prolyl-L-glycine ","HMDB11178","98206","","1"
"propionylcarnitine","Propionylcarnitine","HMDB00824","107738","C03017","1"
"pseudouridine","Pseudouridine","HMDB00767","15047","C02067","1"
"putrescine","Putrescine","HMDB01414","1045","C00134","1"
"pyridoxal","Pyridoxal","HMDB01545","1050","C00250","1"
"pyridoxamine","Pyridoxamine","HMDB01431","1052","C00534","1"
"pyridoxamine phosphate","NA","NA","NA","NA","0"
"pyridoxate","NA","NA","NA","NA","0"
"pyroglutamine*","NA","NA","NA","NA","0"
"quinolinate","Quinolinic acid","HMDB00232","1066","C03722","1"
"retinol (Vitamin A)","NA","NA","NA","NA","0"
"ribitol","Ribitol","HMDB00508",NA,"C00474","1"
"riboflavin (Vitamin B2)","NA","NA","NA","NA","0"
"ribonate","Ribonic acid","HMDB00867","5460677","C01685","1"
"ribose","D-Ribose","HMDB00283","5779","C00121","1"
"ribulose 5-phosphate","D-Ribulose 5-phosphate","HMDB00618","53477706","C00117","1"
"S-adenosylhomocysteine (SAH)","NA","NA","NA","NA","0"
"S-adenosylmethionine (SAM)","NA","NA","NA","NA","0"
"saccharopine","Saccharopine","HMDB00279","160556","C00449","1"
"salicylate","Salicylic acid","HMDB01895","338","C00805","1"
"sarcosine (N-Methylglycine)","NA","NA","NA","NA","0"
"sebacate (decanedioate)","NA","NA","NA","NA","0"
"sedoheptulose-7-phosphate","D-Sedoheptulose 7-phosphate","HMDB01068","22833559","C00281","1"
"serine","L-Serine","HMDB00187","5951","C00065","1"
"spermidine","Spermidine","HMDB01257","1102","C00315","1"
"sphinganine","Sphinganine","HMDB00269","91486","C00836","1"
"sphingomyelin (d18:1/14:0, d16:1/16:0)*","NA","NA","NA","NA","0"
"sphingomyelin (d18:1/15:0, d16:1/17:0)*","NA","NA","NA","NA","0"
"sphingomyelin (d18:1/17:0, d17:1/18:0, d19:1/16:0)","NA","NA","NA","NA","0"
"sphingomyelin (d18:1/18:1, d18:2/18:0)","NA","NA","NA","NA","0"
"sphingomyelin (d18:1/20:0, d16:1/22:0)*","NA","NA","NA","NA","0"
"sphingomyelin (d18:1/20:1, d18:2/20:0)*","NA","NA","NA","NA","0"
"sphingomyelin (d18:1/21:0, d17:1/22:0, d16:1/23:0)*","NA","NA","NA","NA","0"
"sphingomyelin (d18:1/22:1, d18:2/22:0, d16:1/24:1)*","NA","NA","NA","NA","0"
"sphingomyelin (d18:1/24:1, d18:2/24:0)*","NA","NA","NA","NA","0"
"sphingomyelin (d18:2/14:0, d18:1/14:1)*","NA","NA","NA","NA","0"
"sphingomyelin (d18:2/16:0, d18:1/16:1)*","NA","NA","NA","NA","0"
"sphingomyelin (d18:2/23:0, d18:1/23:1, d17:1/24:1)*","NA","NA","NA","NA","0"
"sphingomyelin (d18:2/24:1, d18:1/24:2)*","NA","NA","NA","NA","0"
"sphingosine","Sphingosine","HMDB00252","5353955","C00319","1"
"stachydrine","Proline betaine","HMDB04827","115244","C10172","1"
"stearate (18:0)","NA","NA","NA","NA","0"
"stearidonate (18:4n3)","NA","NA","NA","NA","0"
"stearoyl ethanolamide","Stearoylethanolamide","HMDB13078","27902","","1"
"stearoyl sphingomyelin (d18:1/18:0)","NA","NA","NA","NA","0"
"stearoylcarnitine","Stearoylcarnitine","HMDB00848","6426855","","1"
"succinate","Succinic acid","HMDB00254","1110","C00042","1"
"succinylcarnitine","NA","NA","NA","NA","0"
"sucrose","Sucrose","HMDB00258","5988","C00089","1"
"sulfate*","NA","NA","NA","NA","0"
"tartronate (hydroxymalonate)","NA","NA","NA","NA","0"
"taurine","Taurine","HMDB00251","1123","C00245","1"
"tauro-beta-muricholate","Tauro-b-muricholic acid","HMDB00932","168408","","1"
"taurochenodeoxycholate","Taurochenodesoxycholic acid","HMDB00951","387316","C05465","1"
"taurocholate","Taurocholic acid","HMDB00036","440567","C05122","1"
"taurocyamine","Taurocyamine","HMDB03584","68340","C01959","1"
"taurodeoxycholate","NA","NA","NA","NA","0"
"tauroursodeoxycholate","Tauroursodeoxycholic acid","HMDB00874","12443252","","1"
"tetradecanedioate","Tetradecanedioic acid","HMDB00872","13185","C11002","1"
"thiamin (Vitamin B1)","NA","NA","NA","NA","0"
"thiamin monophosphate","Thiamine monophosphate","HMDB02666","3382778","C01081","1"
"threonate","Threonic acid","HMDB00943","151152","C01620","1"
"threonine","L-Threonine","HMDB00167","6288","C00188","1"
"thymidine","Thymidine","HMDB00273","5789","C00214","1"
"tiglylcarnitine","Tiglylcarnitine","HMDB02366","22833596","","1"
"trans-4-hydroxyproline","4-Hydroxyproline","HMDB00725","5810","C01157","1"
"trans-urocanate","NA","NA","NA","NA","0"
"tricosanoyl sphingomyelin (d18:1/23:0)*","NA","NA","NA","NA","0"
"trigonelline (N'-methylnicotinate)","NA","NA","NA","NA","0"
"trimethylamine N-oxide","Trimethylamine N-oxide","HMDB00925","1145","C01104","1"
"tryptophan","D-Tryptophan","HMDB13609","9060","C00525","1"
"tyrosine","L-Tyrosine","HMDB00158","6057","C00082","1"
"tyrosylglycine","NA","NA","NA","NA","0"
"UDP-galactose","Uridine diphosphategalactose","HMDB00302","18068","C00052","1"
"UDP-glucose","Uridine diphosphate glucose","HMDB00286","53477679","C00029","1"
"UDP-glucuronate","Uridine diphosphate glucuronic acid","HMDB00935","17473","C00167","1"
"UDP-N-acetylgalactosamine","Uridine diphosphate-N-acetylgalactosamine","HMDB00304","1167","C00203","1"
"UDP-N-acetylglucosamine","Uridine diphosphate-N-acetylglucosamine","HMDB00290","445675","C00043","1"
"uracil","Uracil","HMDB00300","1174","C00106","1"
"urate","Uric acid","HMDB00289","1175","C00366","1"
"urea","Urea","HMDB00294","1176","C00086","1"
"uridine","Uridine","HMDB00296","6029","C00299","1"
"uridine 5'-diphosphate (UDP)","NA","NA","NA","NA","0"
"uridine 5'-monophosphate (UMP)","NA","NA","NA","NA","0"
"valine","L-Valine","HMDB00883","6287","C00183","1"
"valylglycine","NA","NA","NA","NA","0"
"xanthine","Xanthine","HMDB00292","1188","C00385","1"
"xanthosine","Xanthosine","HMDB00299","64959","C01762","1"
